page,id,format,pgfplots,plot,model,path
3,page-3-part-a-number-line,tikz,False,False,False,linear-complete-page-3/0/content/children/0/questionDiagrams/0
3,page-3-part-b-number-line,tikz,False,False,False,linear-complete-page-3/0/content/children/1/questionDiagrams/0
3,page-3-part-c-number-line,tikz,False,False,False,linear-complete-page-3/0/content/children/2/questionDiagrams/0
3,page-3-part-d-number-line,tikz,False,False,False,linear-complete-page-3/0/content/children/3/questionDiagrams/0
5,page-5-q1-a-diagram,image,False,False,False,linear-complete-page-5/2/content/children/0/questionDiagrams/0
5,page-5-q1-a-plotted-answer,tikz,False,False,True,linear-complete-page-5/2/content/children/0/answer/solutionDiagrams/0
5,page-5-q1-b-diagram,image,False,False,False,linear-complete-page-5/2/content/children/1/questionDiagrams/0
5,page-5-q1-b-plotted-answer,tikz,False,False,True,linear-complete-page-5/2/content/children/1/answer/solutionDiagrams/0
6,page-6-q1-diagram,image,False,False,False,linear-complete-page-6/0/content/questionDiagrams/0
6,page-6-q3-diagram,image,False,False,False,linear-complete-page-6/2/content/questionDiagrams/0
6,page-6-q3-root-plotted-answer,tikz,False,False,True,linear-complete-page-6/2/content/answer/solutionDiagrams/0
7,page-7-q4-grid,tikz,False,False,False,linear-complete-page-7/0/content/questionDiagrams/0
7,page-7-q4-solution,tikz,False,False,False,linear-complete-page-7/0/content/answer/solutionDiagrams/0
7,page-7-q5-diagram,tikz,False,False,False,linear-complete-page-7/1/content/questionDiagrams/0
7,page-7-q5-solution,tikz,False,False,False,linear-complete-page-7/1/content/answer/solutionDiagrams/0
8,page-8-q6-a-editable-graph,tikz,False,False,False,linear-complete-page-8/0/content/children/0/questionDiagrams/0
8,page-8-q6-b-editable-graph,tikz,False,False,False,linear-complete-page-8/0/content/children/1/questionDiagrams/0
8,page-8-q6-c-editable-graph,tikz,False,False,False,linear-complete-page-8/0/content/children/2/questionDiagrams/0
8,page-8-q6-d-editable-graph,tikz,False,False,False,linear-complete-page-8/0/content/children/3/questionDiagrams/0
8,page-8-q7-diagram,image,False,False,False,linear-complete-page-8/1/content/questionDiagrams/0
8,page-8-q7-root-solution,tikz,False,False,True,linear-complete-page-8/1/content/sharedSolutionDiagrams/0
9,page-9-q8-grid,tikz,False,False,False,linear-complete-page-9/0/content/questionDiagrams/0
9,page-9-q8-node-shared-solution,tikz,False,False,False,linear-complete-page-9/0/content/sharedSolutionDiagrams/0
9,page-9-q9-diagram,tikz,False,False,False,linear-complete-page-9/1/content/questionDiagrams/0
9,page-9-q10-grid,tikz,False,False,False,linear-complete-page-9/2/content/questionDiagrams/0
9,page-9-q10-node-shared-solution,tikz,False,False,False,linear-complete-page-9/2/content/sharedSolutionDiagrams/0
10,page-10-q11-diagram,image,False,False,False,linear-complete-page-10/0/content/questionDiagrams/0
10,page-10-q12-diagram,image,False,False,False,linear-complete-page-10/1/content/children/0/questionDiagrams/0
11,page-11-q13-diagram,image,False,False,False,linear-complete-page-11/0/content/questionDiagrams/0
11,page-11-q14-diagram,image,False,False,False,linear-complete-page-11/1/content/questionDiagrams/0
11,page-11-q15-diagram,image,False,False,False,linear-complete-page-11/2/content/questionDiagrams/0
12,page-12-q16-a-diagram,image,False,False,False,linear-complete-page-12/0/content/children/0/questionDiagrams/0
12,page-12-q16-b-diagram,image,False,False,False,linear-complete-page-12/0/content/children/1/questionDiagrams/0
12,page-12-q16-c-diagram,image,False,False,False,linear-complete-page-12/0/content/children/2/questionDiagrams/0
12,page-12-q16-d-diagram,image,False,False,False,linear-complete-page-12/0/content/children/3/questionDiagrams/0
12,page-12-q16-e-diagram,image,False,False,False,linear-complete-page-12/0/content/children/4/questionDiagrams/0
12,page-12-q16-f-diagram,image,False,False,False,linear-complete-page-12/0/content/children/5/questionDiagrams/0
15,page-15-q2-diagram,image,False,False,False,linear-complete-page-15/1/content/questionDiagrams/0
15,page-15-q2-root-plotted-answer,tikz,False,False,True,linear-complete-page-15/1/content/answer/solutionDiagrams/0
15,page-15-q4-diagram,image,False,False,False,linear-complete-page-15/4/content/questionDiagrams/0
15,page-15-q4-root-plotted-answer,tikz,False,False,True,linear-complete-page-15/4/content/answer/solutionDiagrams/0
16,page-16-example-graph,tikz,False,True,False,linear-complete-page-16/2/examples/0/solutionDiagrams/0
16,page-16-guided-a-grid,tikz,False,False,False,linear-complete-page-16/3/content/children/0/questionDiagrams/0
16,page-16-guided-a-solution,tikz,False,False,False,linear-complete-page-16/3/content/children/0/answer/solutionDiagrams/0
16,page-16-guided-b-grid,tikz,False,False,False,linear-complete-page-16/3/content/children/1/questionDiagrams/0
16,page-16-guided-b-solution,tikz,False,False,False,linear-complete-page-16/3/content/children/1/answer/solutionDiagrams/0
17,page-17-q2-a-blank,tikz,False,False,True,linear-complete-page-17/1/content/children/0/questionDiagrams/0
17,page-17-q2-a-solution-diagram,tikz,False,False,False,linear-complete-page-17/1/content/children/0/solutionDiagrams/0
17,page-17-q2-a-solution,tikz,False,False,True,linear-complete-page-17/1/content/children/0/answer/solutionDiagrams/0
17,page-17-q2-b-blank,tikz,False,False,True,linear-complete-page-17/1/content/children/1/questionDiagrams/0
17,page-17-q2-b-solution-diagram,tikz,False,False,False,linear-complete-page-17/1/content/children/1/solutionDiagrams/0
17,page-17-q2-b-solution,tikz,False,False,True,linear-complete-page-17/1/content/children/1/answer/solutionDiagrams/0
17,page-17-q2-c-blank,tikz,False,False,True,linear-complete-page-17/1/content/children/2/questionDiagrams/0
17,page-17-q2-c-solution-diagram,tikz,False,False,False,linear-complete-page-17/1/content/children/2/solutionDiagrams/0
17,page-17-q2-c-solution,tikz,False,False,True,linear-complete-page-17/1/content/children/2/answer/solutionDiagrams/0
17,page-17-q2-d-blank,tikz,False,False,True,linear-complete-page-17/1/content/children/3/questionDiagrams/0
17,page-17-q2-d-solution-diagram,tikz,False,False,False,linear-complete-page-17/1/content/children/3/solutionDiagrams/0
17,page-17-q2-d-solution,tikz,False,False,True,linear-complete-page-17/1/content/children/3/answer/solutionDiagrams/0
18,page-18-q2-e-blank,tikz,False,False,True,linear-complete-page-18/0/content/children/0/questionDiagrams/0
18,page-18-q2-e-solution-diagram,tikz,False,False,False,linear-complete-page-18/0/content/children/0/solutionDiagrams/0
18,page-18-q2-e-solution,tikz,False,False,True,linear-complete-page-18/0/content/children/0/answer/solutionDiagrams/0
18,page-18-q2-f-blank,tikz,False,False,True,linear-complete-page-18/0/content/children/1/questionDiagrams/0
18,page-18-q2-f-solution-diagram,tikz,False,False,False,linear-complete-page-18/0/content/children/1/solutionDiagrams/0
18,page-18-q2-f-solution,tikz,False,False,True,linear-complete-page-18/0/content/children/1/answer/solutionDiagrams/0
18,page-18-q2-g-blank,tikz,False,False,True,linear-complete-page-18/0/content/children/2/questionDiagrams/0
18,page-18-q2-g-solution-diagram,tikz,False,False,False,linear-complete-page-18/0/content/children/2/solutionDiagrams/0
18,page-18-q2-g-solution,tikz,False,False,True,linear-complete-page-18/0/content/children/2/answer/solutionDiagrams/0
18,page-18-q2-h-blank,tikz,False,False,True,linear-complete-page-18/0/content/children/3/questionDiagrams/0
18,page-18-q2-h-solution-diagram,tikz,False,False,False,linear-complete-page-18/0/content/children/3/solutionDiagrams/0
18,page-18-q2-h-solution,tikz,False,False,True,linear-complete-page-18/0/content/children/3/answer/solutionDiagrams/0
19,page-19-q2-i-blank,tikz,False,False,True,linear-complete-page-19/0/content/children/0/questionDiagrams/0
19,page-19-q2-i-solution-diagram,tikz,False,False,False,linear-complete-page-19/0/content/children/0/solutionDiagrams/0
19,page-19-q2-i-solution,tikz,False,False,True,linear-complete-page-19/0/content/children/0/answer/solutionDiagrams/0
19,page-19-q2-j-blank,tikz,False,False,True,linear-complete-page-19/0/content/children/1/questionDiagrams/0
19,page-19-q2-j-solution-diagram,tikz,False,False,False,linear-complete-page-19/0/content/children/1/solutionDiagrams/0
19,page-19-q2-j-solution,tikz,False,False,True,linear-complete-page-19/0/content/children/1/answer/solutionDiagrams/0
19,page-19-q2-k-blank,tikz,False,False,True,linear-complete-page-19/0/content/children/2/questionDiagrams/0
19,page-19-q2-k-solution-diagram,tikz,False,False,False,linear-complete-page-19/0/content/children/2/solutionDiagrams/0
19,page-19-q2-k-solution,tikz,False,False,True,linear-complete-page-19/0/content/children/2/answer/solutionDiagrams/0
19,page-19-q2-l-blank,tikz,False,False,True,linear-complete-page-19/0/content/children/3/questionDiagrams/0
19,page-19-q2-l-solution-diagram,tikz,False,False,False,linear-complete-page-19/0/content/children/3/solutionDiagrams/0
19,page-19-q2-l-solution,tikz,False,False,True,linear-complete-page-19/0/content/children/3/answer/solutionDiagrams/0
20,page-20-q2-m-blank,tikz,False,False,True,linear-complete-page-20/0/content/children/0/questionDiagrams/0
20,page-20-q2-m-solution-diagram,tikz,False,False,False,linear-complete-page-20/0/content/children/0/solutionDiagrams/0
20,page-20-q2-m-solution,tikz,False,False,True,linear-complete-page-20/0/content/children/0/answer/solutionDiagrams/0
20,page-20-q2-n-blank,tikz,False,False,True,linear-complete-page-20/0/content/children/1/questionDiagrams/0
20,page-20-q2-n-solution-diagram,tikz,False,False,False,linear-complete-page-20/0/content/children/1/solutionDiagrams/0
20,page-20-q2-n-solution,tikz,False,False,True,linear-complete-page-20/0/content/children/1/answer/solutionDiagrams/0
20,page-20-q2-o-blank,tikz,False,False,True,linear-complete-page-20/0/content/children/2/questionDiagrams/0
20,page-20-q2-o-solution-diagram,tikz,False,False,False,linear-complete-page-20/0/content/children/2/solutionDiagrams/0
20,page-20-q2-o-solution,tikz,False,False,True,linear-complete-page-20/0/content/children/2/answer/solutionDiagrams/0
20,page-20-q2-p-blank,tikz,False,False,True,linear-complete-page-20/0/content/children/3/questionDiagrams/0
20,page-20-q2-p-solution-diagram,tikz,False,False,False,linear-complete-page-20/0/content/children/3/solutionDiagrams/0
20,page-20-q2-p-solution,tikz,False,False,True,linear-complete-page-20/0/content/children/3/answer/solutionDiagrams/0
21,page-21-q3-a-blank,tikz,False,False,True,linear-complete-page-21/0/content/children/0/questionDiagrams/0
21,page-21-q3-a-solution-diagram,tikz,False,False,False,linear-complete-page-21/0/content/children/0/solutionDiagrams/0
21,page-21-q3-a-solution,tikz,False,False,True,linear-complete-page-21/0/content/children/0/answer/solutionDiagrams/0
21,page-21-q3-b-blank,tikz,False,False,True,linear-complete-page-21/0/content/children/1/questionDiagrams/0
21,page-21-q3-b-solution-diagram,tikz,False,False,False,linear-complete-page-21/0/content/children/1/solutionDiagrams/0
21,page-21-q3-b-solution,tikz,False,False,True,linear-complete-page-21/0/content/children/1/answer/solutionDiagrams/0
21,page-21-q3-c-blank,tikz,False,False,True,linear-complete-page-21/0/content/children/2/questionDiagrams/0
21,page-21-q3-c-solution-diagram,tikz,False,False,False,linear-complete-page-21/0/content/children/2/solutionDiagrams/0
21,page-21-q3-c-solution,tikz,False,False,True,linear-complete-page-21/0/content/children/2/answer/solutionDiagrams/0
21,page-21-q3-d-blank,tikz,False,False,True,linear-complete-page-21/0/content/children/3/questionDiagrams/0
21,page-21-q3-d-solution-diagram,tikz,False,False,False,linear-complete-page-21/0/content/children/3/solutionDiagrams/0
21,page-21-q3-d-solution,tikz,False,False,True,linear-complete-page-21/0/content/children/3/answer/solutionDiagrams/0
22,page-22-q4-diagram,image,False,False,False,linear-complete-page-22/0/content/questionDiagrams/0
28,page-28-q8-node-0-graph,tikz,False,False,False,linear-complete-page-28/1/content/children/0/questionDiagrams/0
28,page-28-q8-node-1-graph,tikz,False,False,False,linear-complete-page-28/1/content/children/1/questionDiagrams/0
28,page-28-q8-node-2-graph,tikz,False,False,False,linear-complete-page-28/1/content/children/2/questionDiagrams/0
28,page-28-q8-node-3-graph,tikz,False,False,False,linear-complete-page-28/1/content/children/3/questionDiagrams/0
28,page-28-q8-node-4-graph,tikz,False,False,False,linear-complete-page-28/1/content/children/4/questionDiagrams/0
28,page-28-q8-node-5-graph,tikz,False,False,False,linear-complete-page-28/1/content/children/5/questionDiagrams/0
35,page-35-q12-d-source-line,tikz,False,False,False,linear-complete-page-35/2/content/children/3/questionDiagrams/0
39,page-39-q1-a-diag,tikz,False,False,True,linear-complete-page-39/0/content/children/0/questionDiagrams/0
39,page-39-q1-b-diag,tikz,False,False,True,linear-complete-page-39/0/content/children/1/questionDiagrams/0
39,page-39-q2-a-diag,tikz,False,False,True,linear-complete-page-39/1/content/children/0/questionDiagrams/0
39,page-39-q2-b-diag,tikz,False,False,True,linear-complete-page-39/1/content/children/1/questionDiagrams/0
39,page-39-q2-c-diag,tikz,False,False,True,linear-complete-page-39/1/content/children/2/questionDiagrams/0
39,page-39-q2-d-diag,tikz,False,False,True,linear-complete-page-39/1/content/children/3/questionDiagrams/0
40,page-40-q3-a-diagram-img,tikz,False,False,True,linear-complete-page-40/0/content/children/0/questionDiagrams/0
40,page-40-q3-b-diagram-img,tikz,False,False,True,linear-complete-page-40/0/content/children/1/questionDiagrams/0
40,page-40-q3-c-diagram-img,tikz,False,False,True,linear-complete-page-40/0/content/children/2/questionDiagrams/0
40,page-40-q3-d-diagram-img,tikz,False,False,True,linear-complete-page-40/0/content/children/3/questionDiagrams/0
40,page-40-q3-e-diagram-img,tikz,False,False,True,linear-complete-page-40/0/content/children/4/questionDiagrams/0
40,page-40-q3-f-diagram-img,tikz,False,False,True,linear-complete-page-40/0/content/children/5/questionDiagrams/0
40,page-40-q3-g-diagram-img,tikz,False,False,True,linear-complete-page-40/0/content/children/6/questionDiagrams/0
40,page-40-q3-h-diagram-img,tikz,False,False,True,linear-complete-page-40/0/content/children/7/questionDiagrams/0
41,page-41-q4-diagram-img,tikz,False,False,True,linear-complete-page-41/0/content/questionDiagrams/0
41,page-41-q5-a-editable,tikz,False,False,False,linear-complete-page-41/1/content/children/0/questionDiagrams/0
41,page-41-q5-b-editable,tikz,False,False,False,linear-complete-page-41/1/content/children/1/questionDiagrams/0
41,page-41-q5-c-editable,tikz,False,False,False,linear-complete-page-41/1/content/children/2/questionDiagrams/0
41,page-41-q5-d-editable,tikz,False,False,False,linear-complete-page-41/1/content/children/3/questionDiagrams/0
42,page-42-q1-diagram,image,False,False,False,linear-complete-page-42/0/content/questionDiagrams/0
42,page-42-q3-diagram-img,image,False,False,False,linear-complete-page-42/2/content/questionDiagrams/0
42,page-42-q3-root-plotted-answer,tikz,False,False,True,linear-complete-page-42/2/content/answer/solutionDiagrams/0
43,page-43-diag-pentagons,image,False,False,False,linear-complete-page-43/0/content/questionDiagrams/0
43,page-43-diag-grid,image,False,False,False,linear-complete-page-43/0/content/children/2/questionDiagrams/0
43,page-43-sol-diagram,tikz,False,False,False,linear-complete-page-43/0/content/children/2/answer/solutionDiagrams/0
44,page-44-diag-squares,image,False,False,False,linear-complete-page-44/0/content/questionDiagrams/0
44,page-44-diag-graph1,image,False,False,False,linear-complete-page-44/0/content/children/2/questionDiagrams/0
44,page-44-q1-graph-solution,tikz,False,False,False,linear-complete-page-44/0/content/children/2/answer/solutionDiagrams/0
44,page-44-diag-match2,image,False,False,False,linear-complete-page-44/1/content/questionDiagrams/0
44,page-44-diag-graph2,image,False,False,False,linear-complete-page-44/1/content/children/2/questionDiagrams/0
44,page-44-q2-graph-solution,tikz,False,False,False,linear-complete-page-44/1/content/children/2/answer/solutionDiagrams/0
45,page-45-diag-triangles,image,False,False,False,linear-complete-page-45/0/content/questionDiagrams/0
45,page-45-diag-grid1,image,False,False,False,linear-complete-page-45/0/content/children/2/questionDiagrams/0
45,page-45-sol-graph1-tikz,tikz,False,False,False,linear-complete-page-45/0/content/children/2/answer/solutionDiagrams/0
45,page-45-diag-diamonds,image,False,False,False,linear-complete-page-45/1/content/questionDiagrams/0
45,page-45-diag-grid2,image,False,False,False,linear-complete-page-45/1/content/children/2/questionDiagrams/0
45,page-45-sol-graph2-tikz,tikz,False,False,False,linear-complete-page-45/1/content/children/2/answer/solutionDiagrams/0
46,page-46-q3-diag-pattern,image,False,False,False,linear-complete-page-46/0/content/questionDiagrams/0
46,page-46-q3-diag-grid,image,False,False,False,linear-complete-page-46/0/content/children/1/questionDiagrams/0
46,page-46-q3-b-plotted-answer,tikz,False,False,True,linear-complete-page-46/0/content/children/1/answer/solutionDiagrams/0
46,page-46-q4-diag-pattern,image,False,False,False,linear-complete-page-46/1/content/questionDiagrams/0
46,page-46-q4-diag-grid,image,False,False,False,linear-complete-page-46/1/content/children/1/questionDiagrams/0
46,page-46-q4-b-plotted-answer,tikz,False,False,True,linear-complete-page-46/1/content/children/1/answer/solutionDiagrams/0
47,page-47-q6-diag-pattern,image,False,False,False,linear-complete-page-47/0/content/questionDiagrams/0
47,page-47-q6-diag-grid,image,False,False,False,linear-complete-page-47/0/content/children/1/questionDiagrams/0
47,page-47-q6-b-plotted-answer,tikz,False,False,True,linear-complete-page-47/0/content/children/1/answer/solutionDiagrams/0
47,page-47-q7-diag-pattern,image,False,False,False,linear-complete-page-47/1/content/questionDiagrams/0
47,page-47-q7-diag-grid,image,False,False,False,linear-complete-page-47/1/content/children/1/questionDiagrams/0
47,page-47-q7-b-plotted-answer,tikz,False,False,True,linear-complete-page-47/1/content/children/1/answer/solutionDiagrams/0
48,page-48-q8-diag-pattern,image,False,False,False,linear-complete-page-48/0/content/questionDiagrams/0
48,page-48-q8-diag-grid,image,False,False,False,linear-complete-page-48/0/content/children/1/questionDiagrams/0
48,page-48-q8-b-plotted-answer,tikz,False,False,True,linear-complete-page-48/0/content/children/1/answer/solutionDiagrams/0
48,page-48-q9-diag-pattern,image,False,False,False,linear-complete-page-48/1/content/questionDiagrams/0
48,page-48-q9-diag-grid,image,False,False,False,linear-complete-page-48/1/content/children/1/questionDiagrams/0
48,page-48-q9-b-plotted-answer,tikz,False,False,True,linear-complete-page-48/1/content/children/1/answer/solutionDiagrams/0
49,page-49-q10-pattern,image,False,False,False,linear-complete-page-49/0/content/questionDiagrams/0
49,page-49-q10-graph,image,False,False,False,linear-complete-page-49/0/content/questionDiagrams/1
49,page-49-q10-root-plotted-answer,tikz,False,False,True,linear-complete-page-49/0/content/answer/solutionDiagrams/0
49,page-49-q11-pattern,image,False,False,False,linear-complete-page-49/1/content/questionDiagrams/0
49,page-49-q11-graph,image,False,False,False,linear-complete-page-49/1/content/questionDiagrams/1
49,page-49-q11-root-plotted-answer,tikz,False,False,True,linear-complete-page-49/1/content/answer/solutionDiagrams/0
51,page-51-q1-diagram,image,False,False,False,linear-complete-page-51/0/content/questionDiagrams/0
51,page-51-q2-diagram,image,False,False,False,linear-complete-page-51/1/content/questionDiagrams/0
52,page-52-q1-diag1,image,False,False,False,linear-complete-page-52/0/content/questionDiagrams/0
52,page-52-q2-diag1,image,False,False,False,linear-complete-page-52/1/content/questionDiagrams/0
53,page-53-q3-diag1,image,False,False,False,linear-complete-page-53/0/content/questionDiagrams/0
53,page-53-q4-diag1,image,False,False,False,linear-complete-page-53/1/content/questionDiagrams/0
54,page-54-q5-diag1,image,False,False,False,linear-complete-page-54/0/content/questionDiagrams/0
54,page-54-q6-diag1,image,False,False,False,linear-complete-page-54/1/content/questionDiagrams/0
55,page-55-q7-diag1,image,False,False,False,linear-complete-page-55/0/content/questionDiagrams/0
55,page-55-q8-diag1,image,False,False,False,linear-complete-page-55/1/content/questionDiagrams/0
56,page-56-q9-diag1,image,False,False,False,linear-complete-page-56/0/content/questionDiagrams/0
56,page-56-q10-diag1,image,False,False,False,linear-complete-page-56/1/content/questionDiagrams/0
56,page-56-q11-diag1,image,False,False,False,linear-complete-page-56/2/content/questionDiagrams/0
57,page-57-q12-diag1,image,False,False,False,linear-complete-page-57/0/content/questionDiagrams/0
57,page-57-q13-diag1,image,False,False,False,linear-complete-page-57/1/content/questionDiagrams/0
58,page-58-editable-pattern,tikz,False,False,False,linear-complete-page-58/2
58,page-58-diagram-graph,image,False,False,False,linear-complete-page-58/4
59,page-59-q1-diagram-pattern,image,False,False,False,linear-complete-page-59/0/content/questionDiagrams/0
59,page-59-q1-diagram-graph,image,False,False,False,linear-complete-page-59/0/content/questionDiagrams/1
59,page-59-q1-solution-diagram,tikz,False,False,False,linear-complete-page-59/0/content/answer/solutionDiagrams/0
59,page-59-q2-diagram-sequence,image,False,False,False,linear-complete-page-59/1/content/questionDiagrams/0
59,page-59-q2-diagram-graph,image,False,False,False,linear-complete-page-59/1/content/questionDiagrams/1
59,page-59-q2-solution-diagram,tikz,False,False,False,linear-complete-page-59/1/content/answer/solutionDiagrams/0
60,page-60-q3-diagram-pattern,image,False,False,False,linear-complete-page-60/0/content/questionDiagrams/0
60,page-60-q3-diagram-graph,image,False,False,False,linear-complete-page-60/0/content/questionDiagrams/1
60,page-60-q3-solution-diagram,tikz,False,False,False,linear-complete-page-60/0/content/answer/solutionDiagrams/0
60,page-60-q4-diagram-pattern,image,False,False,False,linear-complete-page-60/1/content/questionDiagrams/0
60,page-60-q4-diagram-graph,image,False,False,False,linear-complete-page-60/1/content/questionDiagrams/1
60,page-60-q4-solution-diagram,tikz,False,False,False,linear-complete-page-60/1/content/answer/solutionDiagrams/0
61,page-61-q5-diag-pattern,image,False,False,False,linear-complete-page-61/0/content/questionDiagrams/0
61,page-61-q5-diag-graph,image,False,False,False,linear-complete-page-61/0/content/questionDiagrams/1
61,page-61-q5-diag-sol,tikz,False,True,False,linear-complete-page-61/0/content/answer/solutionDiagrams/0
61,page-61-q6-diag-pattern,image,False,False,False,linear-complete-page-61/1/content/questionDiagrams/0
61,page-61-q6-diag-graph,image,False,False,False,linear-complete-page-61/1/content/questionDiagrams/1
61,page-61-q6-diag-sol,tikz,False,True,False,linear-complete-page-61/1/content/answer/solutionDiagrams/0
62,page-62-q7-diag-pattern,image,False,False,False,linear-complete-page-62/0/content/questionDiagrams/0
62,page-62-q7-diag-graph,image,False,False,False,linear-complete-page-62/0/content/questionDiagrams/1
62,page-62-q7-diag-sol,tikz,False,True,False,linear-complete-page-62/0/content/answer/solutionDiagrams/0
62,page-62-q8-diag-graph,image,False,False,False,linear-complete-page-62/1/content/questionDiagrams/0
62,page-62-q8-diag-sol,tikz,False,True,False,linear-complete-page-62/1/content/answer/solutionDiagrams/0
62,page-62-q9-diag-graph,image,False,False,False,linear-complete-page-62/2/content/questionDiagrams/0
62,page-62-q9-diag-sol,tikz,False,True,False,linear-complete-page-62/2/content/answer/solutionDiagrams/0
63,page-63-q10-diag-graph,image,False,False,False,linear-complete-page-63/0/content/questionDiagrams/0
63,page-63-q10-diag-sol,tikz,False,True,False,linear-complete-page-63/0/content/answer/solutionDiagrams/0
63,page-63-q11-diag-graph,image,False,False,False,linear-complete-page-63/1/content/questionDiagrams/0
63,page-63-q12-diag-graph,image,False,False,False,linear-complete-page-63/2/content/questionDiagrams/0
64,page-64-q13-diag,image,False,False,False,linear-complete-page-64/0/content/questionDiagrams/0
64,page-64-q14-diag,image,False,False,False,linear-complete-page-64/1/content/questionDiagrams/0
64,page-64-q14-root-plotted-answer,tikz,False,False,True,linear-complete-page-64/1/content/answer/solutionDiagrams/0
64,page-64-q15-diag,image,False,False,False,linear-complete-page-64/2/content/questionDiagrams/0
64,page-64-q15-root-plotted-answer,tikz,False,False,True,linear-complete-page-64/2/content/answer/solutionDiagrams/0
65,page-65-b1-diag-tikz,tikz,False,False,False,linear-complete-page-65/1
66,page-66-q1-p4-diag,image,False,False,False,linear-complete-page-66/0/content/children/3/questionDiagrams/0
66,page-66-q1-p4-sol-diag,tikz,False,False,False,linear-complete-page-66/0/content/children/3/answer/solutionDiagrams/0
67,page-67-diag-q1,image,False,False,False,linear-complete-page-67/0/content/children/0/questionDiagrams/0
67,page-67-q1-root-representations-graph,tikz,False,False,True,linear-complete-page-67/0/content/children/0/answer/solutionDiagrams/0
67,page-67-diag-q2,image,False,False,False,linear-complete-page-67/1/content/children/0/questionDiagrams/0
67,page-67-q2-root-representations-graph,tikz,False,False,True,linear-complete-page-67/1/content/children/0/answer/solutionDiagrams/0
68,page-68-diag-q1,image,False,False,False,linear-complete-page-68/0/content/children/0/questionDiagrams/0
68,page-68-q1-root-representations-graph,tikz,False,False,True,linear-complete-page-68/0/content/children/0/answer/solutionDiagrams/0
68,page-68-diag-q2,image,False,False,False,linear-complete-page-68/1/content/children/0/questionDiagrams/0
68,page-68-q2-root-representations-graph,tikz,False,False,True,linear-complete-page-68/1/content/children/0/answer/solutionDiagrams/0
69,page-69-diag-q3,image,False,False,False,linear-complete-page-69/0/content/children/0/questionDiagrams/0
69,page-69-q3-root-representations-graph,tikz,False,False,True,linear-complete-page-69/0/content/children/0/answer/solutionDiagrams/0
69,page-69-diag-q4,image,False,False,False,linear-complete-page-69/1/content/children/0/questionDiagrams/0
69,page-69-q4-root-representations-graph,tikz,False,False,True,linear-complete-page-69/1/content/children/0/answer/solutionDiagrams/0
70,page-70-q5-diagram-1,image,False,False,False,linear-complete-page-70/0/content/children/0/questionDiagrams/0
70,page-70-q5-root-representations-graph,tikz,False,False,True,linear-complete-page-70/0/content/children/0/answer/solutionDiagrams/0
70,page-70-q6-diagram-1,image,False,False,False,linear-complete-page-70/1/content/children/0/questionDiagrams/0
70,page-70-q6-root-representations-graph,tikz,False,False,True,linear-complete-page-70/1/content/children/0/answer/solutionDiagrams/0
71,page-71-q8-diagram-1,image,False,False,False,linear-complete-page-71/1/content/questionDiagrams/0
73,page-73-block-2-graph,tikz,False,False,True,linear-complete-page-73/2/examples/0/questionDiagrams/0
73,page-73-block-3-graph,tikz,False,False,True,linear-complete-page-73/3/examples/0/questionDiagrams/0
73,page-73-block-4-graph,tikz,False,False,True,linear-complete-page-73/4/examples/0/questionDiagrams/0
74,page-74-block-1-graph0,tikz,False,False,False,linear-complete-page-74/1/examples/0/questionDiagrams/0
74,page-74-block-1-graph1,tikz,False,False,False,linear-complete-page-74/1/examples/1/questionDiagrams/0
74,page-74-block-1-graph2,tikz,False,False,False,linear-complete-page-74/1/examples/2/questionDiagrams/0
74,page-74-block-1-graph3,tikz,False,False,False,linear-complete-page-74/1/examples/3/questionDiagrams/0
74,page-74-block-1-graph4,tikz,False,False,False,linear-complete-page-74/1/examples/4/questionDiagrams/0
74,page-74-block-2-graph0,tikz,False,False,False,linear-complete-page-74/4/examples/0/questionDiagrams/0
74,page-74-block-2-graph1,tikz,False,False,False,linear-complete-page-74/4/examples/1/questionDiagrams/0
74,page-74-block-2-graph2,tikz,False,False,False,linear-complete-page-74/4/examples/2/questionDiagrams/0
74,page-74-block-2-graph3,tikz,False,False,False,linear-complete-page-74/4/examples/3/questionDiagrams/0
74,page-74-block-2-graph4,tikz,False,False,False,linear-complete-page-74/4/examples/4/questionDiagrams/0
75,page-75-block-1-image0,image,False,False,False,linear-complete-page-75/0/examples/0/questionDiagrams/0
75,page-75-block-2-image0,image,False,False,False,linear-complete-page-75/1/examples/0/questionDiagrams/0
75,page-75-block-2-image1,image,False,False,False,linear-complete-page-75/1/examples/1/questionDiagrams/0
75,page-75-block-3-image0,image,False,False,False,linear-complete-page-75/2/examples/0/questionDiagrams/0
75,page-75-block-3-image1,image,False,False,False,linear-complete-page-75/2/examples/1/questionDiagrams/0
76,page-76-q1-root-sketch,tikz,False,False,False,linear-complete-page-76/1/content/answer/solutionDiagrams/0
76,page-76-q2-root-sketch,tikz,False,False,False,linear-complete-page-76/2/content/answer/solutionDiagrams/0
76,page-76-q3-root-sketch,tikz,False,False,False,linear-complete-page-76/3/content/answer/solutionDiagrams/0
77,page-77-q4-root-sketch,tikz,False,False,False,linear-complete-page-77/0/content/answer/solutionDiagrams/0
77,page-77-q5-root-sketch,tikz,False,False,False,linear-complete-page-77/1/content/answer/solutionDiagrams/0
78,page-78-q7-diagram-1,image,False,False,False,linear-complete-page-78/0/content/questionDiagrams/0
78,page-78-q8-a-diagram-1,image,False,False,False,linear-complete-page-78/1/content/children/0/questionDiagrams/0
78,page-78-q8-b-diagram-1,image,False,False,False,linear-complete-page-78/1/content/children/1/questionDiagrams/0
79,page-79-q8-c-diag,image,False,False,False,linear-complete-page-79/0/content/children/0/questionDiagrams/0
79,page-79-q8-d-diag,image,False,False,False,linear-complete-page-79/0/content/children/1/questionDiagrams/0
79,page-79-q8-e-diag,image,False,False,False,linear-complete-page-79/0/content/children/2/questionDiagrams/0
79,page-79-q8-f-diag,image,False,False,False,linear-complete-page-79/0/content/children/3/questionDiagrams/0
80,page-80-q9-d-diag,image,False,False,False,linear-complete-page-80/0/content/children/3/questionDiagrams/0
81,page-81-q2-diag,image,False,False,False,linear-complete-page-81/1/content/questionDiagrams/0
82,page-82-d1,image,False,False,False,linear-complete-page-82/1/content/children/0/questionDiagrams/0
82,page-82-q1-table-plotted-answer,tikz,False,False,True,linear-complete-page-82/1/content/children/0/answer/solutionDiagrams/0
83,page-83-d1,image,False,False,False,linear-complete-page-83/0/content/questionDiagrams/0
83,page-83-d2,image,False,False,False,linear-complete-page-83/1/content/questionDiagrams/0
83,page-83-d3,image,False,False,False,linear-complete-page-83/2/content/questionDiagrams/0
85,page-85-diag-ex-1,tikz,False,False,True,linear-complete-page-85/2/examples/0/questionDiagrams/0
85,page-85-diag-ex-2,tikz,False,False,True,linear-complete-page-85/2/examples/1/questionDiagrams/0
85,page-85-diag-gp-a,image,False,False,False,linear-complete-page-85/4/content/children/0/questionDiagrams/0
85,page-85-diag-gp-b,image,False,False,False,linear-complete-page-85/4/content/children/1/questionDiagrams/0
85,page-85-diag-gp-c,image,False,False,False,linear-complete-page-85/4/content/children/2/questionDiagrams/0
86,page-86-diag-1a,tikz,False,False,True,linear-complete-page-86/0/content/children/0/questionDiagrams/0
86,page-86-diag-1b,image,False,False,False,linear-complete-page-86/0/content/children/1/questionDiagrams/0
86,page-86-diag-1c,image,False,False,False,linear-complete-page-86/0/content/children/2/questionDiagrams/0
86,page-86-diag-1d,image,False,False,False,linear-complete-page-86/0/content/children/3/questionDiagrams/0
86,page-86-diag-1e,image,False,False,False,linear-complete-page-86/0/content/children/4/questionDiagrams/0
86,page-86-diag-1f,image,False,False,False,linear-complete-page-86/0/content/children/5/questionDiagrams/0
86,page-86-diag-1g,image,False,False,False,linear-complete-page-86/0/content/children/6/questionDiagrams/0
86,page-86-diag-1h,image,False,False,False,linear-complete-page-86/0/content/children/7/questionDiagrams/0
86,page-86-diag-1i,image,False,False,False,linear-complete-page-86/0/content/children/8/questionDiagrams/0
87,page-87-diag-q2,image,False,False,False,linear-complete-page-87/0/content/questionDiagrams/0
87,page-87-diag-q3,image,False,False,False,linear-complete-page-87/1/content/questionDiagrams/0
88,page-88-q4-diagram,image,False,False,False,linear-complete-page-88/0/content/questionDiagrams/0
88,page-88-q5-diagram,image,False,False,False,linear-complete-page-88/1/content/questionDiagrams/0
89,page-89-investigation-diagram,image,False,False,False,linear-complete-page-89/4
90,page-90-identify-a-diagram,tikz,False,False,True,linear-complete-page-90/1/content/children/0/questionDiagrams/0
90,page-90-identify-b-diagram,tikz,False,False,True,linear-complete-page-90/1/content/children/1/questionDiagrams/0
91,page-91-q1-a-diagram-1,image,False,False,False,linear-complete-page-91/0/content/children/0/questionDiagrams/0
91,page-91-q1-b-diagram-1,image,False,False,False,linear-complete-page-91/0/content/children/1/questionDiagrams/0
91,page-91-q1-c-diagram-1,image,False,False,False,linear-complete-page-91/0/content/children/2/questionDiagrams/0
91,page-91-q1-d-diagram-1,image,False,False,False,linear-complete-page-91/0/content/children/3/questionDiagrams/0
91,page-91-q1-e-diagram-1,image,False,False,False,linear-complete-page-91/0/content/children/4/questionDiagrams/0
91,page-91-q1-f-diagram-1,image,False,False,False,linear-complete-page-91/0/content/children/5/questionDiagrams/0
92,page-92-q2-a-diagram-1,image,False,False,False,linear-complete-page-92/0/content/children/0/questionDiagrams/0
92,page-92-q2-b-diagram-1,image,False,False,False,linear-complete-page-92/0/content/children/1/questionDiagrams/0
92,page-92-q3-diagram-1,image,False,False,False,linear-complete-page-92/1/content/questionDiagrams/0
93,page-93-q4-diagram-1,image,False,False,False,linear-complete-page-93/0/content/questionDiagrams/0
